한칸,l_type,name,학점,교강사,time
,교양,20세기현대디자인,2,박하나,"월11,12,13,14(상경507)"
,교양,HSK어휘로배우는중국어,2,정현애,"화5,6,7,8(상경201)"
,교양,IoT와센서에대한이해,3,김세환,"금1,2,3,4,5,6(사범310)"
,교양,iBT토플리스닝&스피킹,2,김세민,"월7,8,9,10(국제307)"
,교양,가능성의심리학,3,진윤희,"화1,2,3,4,5,6(사범208)"
,교양,건강과구강건강,2,신승철,"화11,12,13,14(사범207)"
,교양,건강유토피아,3,변용현,"월7,8,9,10,11,12(인문419)"
,교양,건강한다이어트와영양(사이버),2,박정수,"월19,20(사범206)"
,교양,건설교과교재연구및지도법,3,윤중오,"화19,20,21(3공108)"
,교양,건축과도시의이해,3,홍경구,"월1,2,3,4,5,6(3공518)"
,교양,고급모바일공학영어(원어),2,데이비드 칼리노스키,"목11,12,13,14(국제307)"
,교양,고전주의음악사,2,김동익,"화11,12,13,14(사범505)"
,교양,공예교수학습방법,2,김준희,"금2,3,4,5(미술211)"
,교양,공직한국사,2,이정주,"금3,4,5,6(서관B103)"
,교양,공직한국사,2,전덕재,"수11,12,13,14(사범501)"
,교양,공학영어쓰기와프레젠테이션(원어),2,데이비드 칼리노스키,"화11,12,13,14(국제307)"
,교양,과학기술과현대무기체계발전,3,이용광,"수1,2,3,4,5,6(사범208)"
,교양,과학사고와과학철학의이해,3,조헌국,"수2,3,4,5,6,7(국제102_계단)"
,교양,"과학적사고와인간(사범대(수학,과학),국제(모바일))",2,이영희,"월11,12,13,14(인문211)"
,교양,"과학적사고와인간(고분자,파이버,화학공)(사이버)",2,이영희,"월15,16,17,18(사범206)"
,교양,"과학적사고와인간(토목,기계)(사이버)",2,이영희,"화15,16,17,18(사범206)"
,교양,교양단소,3,이건석,"수9,10,11,12,13,14(음악133)"
,교양,교양레크리에이션,3,심상신,"수1,2,3,4,5,6(체육B104)"
,교양,교양배구,3,권민혁,"화9,10,11,12,13,14(체육B104)"
,교양,교양배구중급,2,권민혁,"화15,16,17,18(체육B104)"
,교양,교양배드민턴,3,전용균,"목13,14,15,16,17,18(체육B104)"
,교양,교양배드민턴중급,2,전용균,"목1,2,3,4(체육B101)"
,교양,교양수영,3,최형준,"목9,10,11,12,13,14(체육B101)"
,교양,교양수영,3,윤인애,"토1,2,3,4,5,6(체육B222)"
,교양,교양스노우보드,3,허진영,"토1,2,3,4,5,6(체육B103)"
,교양,교양스키,3,권민혁,"토1,2,3,4,5,6(체육B104)"
,교양,교양스키,3,최형준,"토1,2,3,4,5,6(체육B106)"
,교양,교양스키,3,이윤수,"토1,2,3,4,5,6(체육B107)"
,교양,교양스키,3,전용균,"토1,2,3,4,5,6(체육B229)"
,교양,교양스키,3,조홍식,"토11,12,13,14,15,16(체육B101)"
,교양,교양스키,3,이상섭,"토1,2,3,4,5,6(체육B231)"
,교양,교양스키,3,정병근,"토1,2,3,4,5,6(체육125)"
,교양,교양축구,3,이윤수,"화11,12,13,14,15,16(체육B103)"
,교양,교양탁구,3,조홍식,"수11,12,13,14,15,16(체육B104)"
,교양,교양탁구중급,2,심상신,"화1,2,3,4(체육B104)"
,교양,교양테니스,3,김재호,"화3,4/수5,6,7,8(체육B101)"
,교양,교양테니스,3,김재호,"화5,6,7,8/수3,4(체육B102)"
,교양,교양테니스중급1,2,조홍식,"월1,2,3,4(체육B101)"
,교양,교양테니스중급2,2,조홍식,"월5,6,7,8(체육B103)"
,교양,교양풋살,3,임봉우,"월11,12,13,14,15,16"
,교양,교양호신술,3,임현묵,"화9,10,11,12,13,14(체육B102)"
,교양,교육과정(비사계 교직),2,최정희,"목5,6,7,8(사범401)"
,교양,교육과정(사범대학 전용),2,최정희,"목11,12,13,14(사범401)"
,교양,교육과정(사범대학 전용),2,최정희,"목15,16,17,18(사범401)"
,교양,교육방법및교육공학(비사계 교직),2,정효정,"화15,16,17,18(사범501)"
,교양,교육방법및교육공학(사범대학 전용),2,이은철,"수11,12,13,14(사범313)"
,교양,교육방법및교육공학(사범대학 전용),2,이은철,"수15,16,17,18(사범313)"
,교양,교육봉사활동,2,,
,교양,교육사회(비사계 교직),2,한상길,"수5,6,7,8(사범401)"
,교양,교육사회(사범대학 전용),2,김묘연,"화1,2,3,4(사범313)"
,교양,교육사회(사범대학 전용),2,한상길,"화5,6,7,8(사범201)"
,교양,교육심리(비사계 교직),2,윤미선,"월9,10,11,12(사범313)"
,교양,교육심리(사범대학 전용),2,박윤주,"월5,6,7,8(사범313)"
,교양,교육심리(사범대학 전용),2,윤미선,"수5,6,7,8(사범313)"
,교양,교육심리(교직이수자 제외)(사이버),2,윤미선,"목19,20(사범208)"
,교양,교육철학및교육사(비사계 교직),2,안홍선,"목9,10,11,12(사범307)"
,교양,교육철학및교육사(사범대학 전용),2,안홍선,"목5,6,7,8(사범505)"
,교양,교육철학및교육사(사범대학 전용),2,안홍선,"목13,14,15,16(사범505)"
,교양,교육평가(비사계 교직),2,임현정,"월5,6,7,8(사범407)"
,교양,교육평가(사범대학 전용),2,임현정,"화5,6,7,8(사범313)"
,교양,교육평가(사범대학 전용),2,임현정,"목5,6,7,8(사범313)"
,교양,교육학개론(비사계 교직),2,엄상현,"수5,6,7,8(사범201)"
,교양,교육학개론(사범대학 전용),2,엄상현,"수15,16,17,18(사범307)"
,교양,교육학개론(사범대학 전용),2,김정민,"목1,2,3,4(사범313)"
,교양,교육학개론(교직이수자 제외),2,이화식,"목21,22(사범313)"
,교양,교육행정및교육경영(비사계 교직),2,이수정,"화5,6,7,8(사범401)"
,교양,교육행정및교육경영(사범대학 전용)(플립러닝),2,이수정,"목5,6,7,8(사범501)"
,교양,교육행정및교육경영(사범대학 전용),2,이영만,"월15,16,17,18(사범307)"
,교양,교직실무(비사계 교직),2,곽진현,"수1,2,3,4(사범401)"
,교양,교직실무(사범대학 전용),2,박인열,"수13,14,15,16(사범406)"
,교양,교직실무(사범대학 전용),2,박제섭,"목9,10,11,12(사범313)"
,교양,국악감상,2,윤명원,"월11,12,13,14(국제101_계단)"
,교양,국악교육론,2,윤명원,"수10,11,12,13(음악104)"
,교양,국어교과교재연구및지도법,3,허재영,"월16,17,18/수16,17,18(인문503)"
,교양,국제정치와국가안보,3,박계호,"월9,10,11,12,13,14(사범310)"
,교양,군사학2(ROTC1년차),3,,"목17,18,19/금1,2,3,4,5,6,7,8"
,교양,군사학4(ROTC2년차),3,최호근,"목17,18,19/금11,12,13,14,15,16,17,18"
,교양,글로벌무역의이해,3,윤준모,"목11,12,13,14,15,16(인문409)"
,교양,글로벌사회의공공PR,2,방민석,"목7,8,9,10(인문101)"
,교양,글로벌핵심영어1(2차기간 공통수강),2,앤드류리차드,"화11,12,13,14(인문320)"
,교양,글로벌핵심영어1(2차기간 공통수강),2,그렉캐리,"화11,12,13,14(인문102)"
,교양,글로벌핵심영어1(2차기간 공통수강),2,카라마리,"화11,12,13,14(인문202)"
,교양,글로벌핵심영어1(2차기간 공통수강),2,쉐인케네디,"화11,12,13,14(인문203)"
,교양,글로벌핵심영어2(건축대학_초급),2,김정희,"수1,2,3,4(인문201)"
,교양,글로벌핵심영어2(공과대학_초급),2,이유진,"수1,2,3,4(상경401)"
,교양,글로벌핵심영어2(공과대학_초급),2,카라마리,"수1,2,3,4(상경417)"
,교양,글로벌핵심영어2(공과대학_초급),2,김정희,"수5,6,7,8(인문201)"
,교양,글로벌핵심영어2(공과대학_초급),2,조혜선,"수5,6,7,8(인문202)"
,교양,글로벌핵심영어2(문과대학_초급),2,조영상,"금11,12,13,14(상경417)"
,교양,글로벌핵심영어2(법과대학_초급),2,찰스코퍼랜드,"금11,12,13,14(인문202)"
,교양,글로벌핵심영어2(사범대학_초급),2,조혜선,"목11,12,13,14(인문320)"
,교양,글로벌핵심영어2(사회과학학대학_초급),2,조영상,"목11,12,13,14(사범312)"
,교양,글로벌핵심영어2(사회과학학대학_초급),2,이유진,"목11,12,13,14(사회304)"
,교양,글로벌핵심영어2(상경대학_초급),2,김경란,"월5,6,7,8(인문203)"
,교양,글로벌핵심영어2(상경대학_초급),2,김언조,"월5,6,7,8(인문320)"
,교양,글로벌핵심영어2(예술디자인대학_초급),2,카라마리,"수11,12,13,14(인문102)"
,교양,글로벌핵심영어2(예술디자인대학_초급),2,마크존스,"수11,12,13,14(인문201)"
,교양,글로벌핵심영어2(음악대학_초급),2,김언조,"수11,12,13,14(인문202)"
,교양,글로벌핵심영어2(음악대학_초급),2,매튜웨스트,"수11,12,13,14(상경418)"
,교양,글로벌핵심영어2(국제경영학전공),2,데이비드 칼리노스키,"수7,8,9,10(국제505)"
,교양,글로벌핵심영어2(모바일시스템전공),2,데이비드 칼리노스키,"수11,12,13,14(국제505)"
,교양,글로벌핵심영어2(마이스터경영(야간)),2,데릭벨,"목20,21(인문102)"
,교양,글로벌핵심영어2(외국인유학생전용),2,조영상,"월11,12,13,14(사회304)"
,교양,글로벌핵심영어2(외국인유학생전용),2,마크존스,"월11,12,13,14(인문102)"
,교양,글로벌핵심영어2(건축대학_중급),2,앤드류리차드,"수1,2,3,4(인문102)"
,교양,글로벌핵심영어2(건축대학_중급),2,쉐인케네디,"수1,2,3,4(상경507)"
,교양,글로벌핵심영어2(공과대학_중급),2,마크존스,"수1,2,3,4(3공518)"
,교양,글로벌핵심영어2(공과대학_중급),2,데이비드캐버나,"수1,2,3,4(인문203)"
,교양,글로벌핵심영어2(공과대학_중급),2,나탈리할레만스,"수1,2,3,4(인문320)"
,교양,글로벌핵심영어2(공과대학_중급),2,매튜웨스트,"수1,2,3,4(인문202)"
,교양,글로벌핵심영어2(공과대학_중급),2,데릭벨,"수1,2,3,4(국제307)"
,교양,글로벌핵심영어2(공과대학_중급),2,스튜어트존스,"수5,6,7,8(사회304)"
,교양,글로벌핵심영어2(공과대학_중급),2,카라마리,"수5,6,7,8(상경417)"
,교양,글로벌핵심영어2(공과대학_중급),2,쉐인케네디,"수5,6,7,8(상경507)"
,교양,글로벌핵심영어2(공과대학_중급),2,나탈리할레만스,"수5,6,7,8(인문320)"
,교양,글로벌핵심영어2(공과대학_중급),2,앤드류리차드,"수5,6,7,8(인문101)"
,교양,글로벌핵심영어2(공과대학_중급),2,데이비드캐버나,"수5,6,7,8(인문421)"
,교양,글로벌핵심영어2(공과대학_중급),2,매튜웨스트,"수5,6,7,8(상경418)"
,교양,글로벌핵심영어2(공과대학_중급),2,데릭벨,"수5,6,7,8(국제307)"
,교양,글로벌핵심영어2(공과대학_중급),2,마크존스,"수5,6,7,8(3공518)"
,교양,글로벌핵심영어2(공과대학_중급),2,김언조,"수5,6,7,8(인문203)"
,교양,글로벌핵심영어2(공과대학_중급),2,이유진,"수5,6,7,8(상경401)"
,교양,글로벌핵심영어2(문과대학_중급),2,앤드류리차드,"금11,12,13,14(인문201)"
,교양,글로벌핵심영어2(문과대학_중급),2,쉐인케네디,"금11,12,13,14(인문320)"
,교양,글로벌핵심영어2(문과대학_중급),2,나탈리할레만스,"금11,12,13,14(인문101)"
,교양,글로벌핵심영어2(문과대학_중급),2,데릭벨,"금11,12,13,14(인문203)"
,교양,글로벌핵심영어2(문과대학_중급),2,카라마리,"금11,12,13,14(인문102)"
,교양,글로벌핵심영어2(법과대학_중급),2,마크존스,"금11,12,13,14(상경401)"
,교양,글로벌핵심영어2(법과대학_중급),2,그렉캐리,"금11,12,13,14(인문421)"
,교양,글로벌핵심영어2(법과대학_중급),2,데이비드캐버나,"금11,12,13,14(상경418)"
,교양,글로벌핵심영어2(사범대학_중급),2,앤드류리차드,"목11,12,13,14(인문101)"
,교양,글로벌핵심영어2(사범대학_중급),2,스튜어트존스,"목11,12,13,14(인문421)"
,교양,글로벌핵심영어2(사범대학_중급),2,카라마리,"목11,12,13,14(상경418)"
,교양,글로벌핵심영어2(사범대학_중급),2,김경란,"목11,12,13,14(인문201)"
,교양,글로벌핵심영어2(사회과학대학_중급),2,김언조,"목11,12,13,14(인문102)"
,교양,글로벌핵심영어2(사회과학대학_중급),2,쉐인케네디,"목11,12,13,14(인문202)"
,교양,글로벌핵심영어2(사회과학대학_중급),2,마크존스,"목11,12,13,14(인문203)"
,교양,글로벌핵심영어2(사회과학대학_중급),2,나탈리할레만스,"목11,12,13,14(상경401)"
,교양,글로벌핵심영어2(사회과학대학_중급),2,데릭벨,"목11,12,13,14(상경417)"
,교양,글로벌핵심영어2(사회과학대학_중급),2,데이비드캐버나,"목11,12,13,14(상경507)"
,교양,글로벌핵심영어2(사회과학대학_중급),2,그렉캐리,"목11,12,13,14(상경309)"
,교양,글로벌핵심영어2(사회과학대학_중급),2,매튜웨스트,"목11,12,13,14(3공518)"
,교양,글로벌핵심영어2(상경대학_중급),2,김정희,"월5,6,7,8(사회304)"
,교양,글로벌핵심영어2(상경대학_중급),2,마크존스,"월5,6,7,8(인문102)"
,교양,글로벌핵심영어2(상경대학_중급),2,나탈리할레만스,"월5,6,7,8(인문201)"
,교양,글로벌핵심영어2(상경대학_중급),2,데릭벨,"월5,6,7,8(상경417)"
,교양,글로벌핵심영어2(상경대학_중급),2,데이비드캐버나,"월5,6,7,8(인문202)"
,교양,글로벌핵심영어2(상경대학_중급),2,그렉캐리,"월5,6,7,8(상경401)"
,교양,글로벌핵심영어2(상경대학_중급),2,매튜웨스트,"월5,6,7,8(인문421)"
,교양,글로벌핵심영어2(상경대학_중급),2,이유진,"월5,6,7,8(상경418)"
,교양,글로벌핵심영어2(상경대학_중급),2,조영상,"월5,6,7,8(상경507)"
,교양,글로벌핵심영어2(예술디자인대학_중급),2,스튜어트존스,"수11,12,13,14(인문203)"
,교양,글로벌핵심영어2(예술디자인대학_중급),2,쉐인케네디,"수11,12,13,14(상경401)"
,교양,글로벌핵심영어2(예술디자인대학_중급),2,앤드류리차드,"수11,12,13,14(인문101)"
,교양,글로벌핵심영어2(예술디자인대학_중급),2,나탈리할레만스,"수11,12,13,14(인문421)"
,교양,글로벌핵심영어2(음악대학_중급),2,데릭벨,"수11,12,13,14(상경417)"
,교양,글로벌핵심영어2(음악대학_중급),2,데이비드캐버나,"수11,12,13,14(상경507)"
,교양,"글로벌핵심영어2(건축대학,공과대학_고급)",2,스튜어트존스,"수1,2,3,4(사회304)"
,교양,글로벌핵심영어2(공과대학_고급),2,김경란,"수5,6,7,8(인문102)"
,교양,"글로벌핵심영어2(문과대학,법과대학_고급)",2,스튜어트존스,"금11,12,13,14(상경507)"
,교양,"글로벌핵심영어2(사범대학,사회과학대학_고급)",2,찰스코퍼랜드,"목11,12,13,14(사범402)"
,교양,글로벌핵심영어2(상경대학_고급),2,찰스코퍼랜드,"월5,6,7,8(인문101)"
,교양,"글로벌핵심영어2(예술디자인대학,음악대학_고급)",2,김경란,"수11,12,13,14(3공518)"
,교양,글로벌핵심영어3(건축대학_초급),2,그렉캐리,"금1,2,3,4(3공518)"
,교양,글로벌핵심영어3(공과대학_초급),2,데이비드캐버나,"금5,6,7,8(사회304)"
,교양,글로벌핵심영어3(공과대학_초급),2,조영상,"금5,6,7,8(인문102)"
,교양,글로벌핵심영어3(공과대학_초급),2,찰스코퍼랜드,"목5,6,7,8(인문201)"
,교양,글로벌핵심영어3(공과대학_초급),2,데이비드캐버나,"목5,6,7,8(상경401)"
,교양,글로벌핵심영어3(공과대학_초급),2,앤드류리차드,"목5,6,7,8(3공518)"
,교양,글로벌핵심영어3(예술디자인대학_초급),2,그렉캐리,"화5,6,7,8(인문102)"
,교양,글로벌핵심영어3(예술디자인대학_초급),2,매튜웨스트,"화5,6,7,8(인문201)"
,교양,글로벌핵심영어3(예술디자인대학_초급),2,앤드류리차드,"화5,6,7,8(인문203)"
,교양,글로벌핵심영어3(예술디자인대학_초급),2,김언조,"화5,6,7,8(인문320)"
,교양,글로벌핵심영어3(음악대학_초급),2,찰스코퍼랜드,"화5,6,7,8(상경417)"
,교양,글로벌핵심영어3(음악대학_초급),2,조영상,"화5,6,7,8(인문101)"
,교양,글로벌핵심영어3(건축대학_중급),2,쉐인케네디,"금1,2,3,4(인문106)"
,교양,"글로벌핵심영어3(건축대학,국제학부_중급)",2,데이비드캐버나,"금1,2,3,4(국제307)"
,교양,글로벌핵심영어3(공과대학_중급),2,스튜어트존스,"목5,6,7,8(인문203)"
,교양,글로벌핵심영어3(공과대학_중급),2,쉐인케네디,"목5,6,7,8(인문202)"
,교양,글로벌핵심영어3(공과대학_중급),2,매튜웨스트,"목5,6,7,8(상경417)"
,교양,글로벌핵심영어3(공과대학_중급),2,그렉캐리,"목5,6,7,8(상경507)"
,교양,글로벌핵심영어3(공과대학_중급),2,마크존스,"목5,6,7,8(국제307)"
,교양,글로벌핵심영어3(공과대학_중급),2,카라마리,"목5,6,7,8(사회304)"
,교양,글로벌핵심영어3(공과대학_중급),2,나탈리할레만스,"목5,6,7,8(인문102)"
,교양,글로벌핵심영어3(공과대학_중급),2,마크존스,"금5,6,7,8(인문201)"
,교양,글로벌핵심영어3(공과대학_중급),2,나탈리할레만스,"금5,6,7,8(인문202)"
,교양,글로벌핵심영어3(공과대학_중급),2,데릭벨,"금5,6,7,8(인문203)"
,교양,글로벌핵심영어3(공과대학_중급),2,카라마리,"금5,6,7,8(상경401)"
,교양,글로벌핵심영어3(공과대학_중급),2,쉐인케네디,"금5,6,7,8(상경417)"
,교양,글로벌핵심영어3(공과대학_중급),2,스튜어트존스,"금5,6,7,8(상경507)"
,교양,글로벌핵심영어3(공과대학_중급),2,앤드류리차드,"금5,6,7,8(인문320)"
,교양,글로벌핵심영어3(공과대학_중급),2,그렉캐리,"금5,6,7,8(인문101)"
,교양,글로벌핵심영어3(예술디자인대학_중급),2,스튜어트존스,"화5,6,7,8(사회304)"
,교양,글로벌핵심영어3(예술디자인대학_중급),2,이유진,"화5,6,7,8(상경401)"
,교양,글로벌핵심영어3(예술디자인대학_중급),2,카라마리,"화5,6,7,8(상경507)"
,교양,글로벌핵심영어3(음악대학_중급),2,쉐인케네디,"화5,6,7,8(인문202)"
,교양,글로벌핵심영어3(외국인유학생전용),2,이유진,"화1,2,3,4(국제307)"
,교양,글로벌핵심영어3(공통_초급),2,나탈리할레만스,"월11,12,13,14(인문201)"
,교양,글로벌핵심영어3(공통_초급),2,김언조,"월11,12,13,14(인문202)"
,교양,글로벌핵심영어3(공통_중급),2,매튜웨스트,"월11,12,13,14(인문203)"
,교양,글로벌핵심영어3(공통_중급),2,그렉캐리,"월11,12,13,14(상경401)"
,교양,기계ㆍ금속교과교재연구및지도법,3,윤중오,"화19,20,21(3공108)"
,교양,기독교문화의이해,3,오민석,"목7,8,9,10,11,12(인문419)"
,교양,기업가와리더십,2,양준환,"수2,3,4,5(인문106)"
,교양,기업가정신,2,양준환,"화2,3,4,5(인문106)"
,교양,기업가정신과벤처,2,남정민,"화9,10,11,12(사범310)"
,교양,기업가정신토크콘서트,2,남정민,"수3,4,5,6(사범207)"
,교양,기획력과프리젠테이션,2,김광일,"월1,2,3,4(상경208)"
,교양,기획력과프리젠테이션,2,김광일,"월5,6,7,8(상경208)"
,교양,"기획제작및시연(화상/국악,연극,무용,음악,영화)(화상)",2,유용범,"금2,3,4,5(사회215(화상))"
,교양,"기획제작및시현(화상/디자인,사진,미술,공예)(화상)",2,유용범,"금6,7,8,9(사회215(화상))"
,교양,나를찾아가는철학여행(사이버),2,유헌식,"월20,21(사범205)"
,교양,노벨문학상수상작품감상,2,서상국,"월13,14,15,16(국제102_계단)"
,교양,노화의이해,3,신득용,"월7,8,9,10,11,12(3공518)"
,교양,논리와설득의실제2,2,이동희,"목19,20(인문421)"
,교양,뇌와뇌질환의이해,2,김희정,"수13,14,15,16(3공318)"
,교양,뇌와마음의행동,3,윤보은,"월9,10,11,12,13,14(3공318)"
,교양,단국인재아카데미인문학특강,2,강은수,"토1,2,3,4(국제307)"
,교양,단국인재아카데미인문학특강,2,강은수,"금19,20(대학원동320)"
,교양,대중매체와법(법학과 수강제한),3,이정민,"금1,2,3,4,5,6(사범201)"
,교양,대중문화속과학콘서트,3,윤지현,"월13,14,15,16,17,18(3공518)"
,교양,대중문화속뮤지컬과의만남,2,이성준,"금11,12,13,14(서관B102)"
,교양,대학생을위한금융이야기,2,강정원,"화1,2,3,4(사범201)"
,교양,도덕적삶과이상,3,이상훈,"화1,2,3,4,5,6(사범501)"
,교양,독일어초급,3,서송석,"화11,12,13,14,15,16(상경309)"
,교양,동서미술표현기법,2,임두빈,"월20,21(사범208)"
,교양,동아시아역사의이해,3,이재령,"월11,12,13,14,15,16(인문421)"
,교양,동양철학의현대적이해,3,황종원,"목1,2,3,4,5,6(사범311)"
,교양,디자인감상과비평,2,천혜영,"목15,16,17,18(미술321)"
,교양,디자인과문화의이해(사이버),3,박하나,"금19,20,21(사범206)"
,교양,디자인사고를위한통찰훈련,2,전은화,"월15,16,17,18(사범310)"
,교양,디자인트랜드,2,이원재,"월11,12,13,14(사범312)"
,교양,디지털이미지의이해,3,박하나,"목7,8,9,10,11,12(인문205)"
,교양,러시아문화의이해,3,조규연,"화11,12,13,14,15,16(사범402)"
,교양,러시아어초급,3,남서영,"목3,4,5,6,7,8(국제102_계단)"
,교양,명사초청세미나,2,엄기표,"수13,14,15,16(서관B104)"
,교양,몽골문화론,3,김기성,"목11,12,13,14,15,16(상경201)"
,교양,몽골어초급,3,김기성,"목5,6,7,8,9,10(상경201)"
,교양,무용감상및비평,2,정수진,"월15,16,17,18(무용B105)"
,교양,문자의탄생과발전으로보는중국(사이버),2,장호득,"월21,22(사범206)"
,교양,문학과철학의랑데부(사이버),3,유헌식,"수19,20,21(사범205)"
,교양,문학의이해,3,김주언,"목7,8,9,10,11,12(상경103)"
,교양,문화사로읽는우리역사,3,엄기표,"월11,12,13,14,15,16(사범207)"
,교양,뮤지컬감상과비평,2,이성준,"금6,7,8,9(사범208)"
,교양,뮤지컬공연의이해,3,김윤태,"월1,2,3,4,5,6(국제101_계단)"
,교양,뮤지컬발성법의이해,2,전병곤,"목1,2,3,4(서관B102)"
,교양,미디어스토리텔링코어,2,변민주,"목5,6,7,8(인문209)"
,교양,미디어와클래식,2,오유진,"목5,6,7,8(인문320)"
,교양,미래연구와사회변화,3,방민석,"월19,20,21(인문419)"
,교양,미술심리치료,2,김선명,"수15,16,17,18(인문106)"
,교양,민주시민정치와정치관계법,3,장철준,"월1,2,3,4,5,6(사범201)"
,교양,바리스타창업을위한커피오딧세이,2,김성헌,"목11,12,13,14(국제101_계단)"
,교양,바이러스의이해,3,김만복,"금19,20,21(국제102_계단)"
,교양,바이러스의이해,3,김만복,"금2,3,4,5,6,7(사범406)"
,교양,백범김구와단국대학교,2,박성순,"화11,12,13,14(사범309)"
,교양,법심리학의이해,3,민윤영,"목1,2,3,4,5,6(사범208)"
,교양,북유럽문화의이해(군온라인 강좌)(군온라인),3,박하나,"토1,2,3,4,5,6"
,교양,북유럽문화의이해,3,박하나,"수8,9,10,11,12,13(상경309)"
,교양,북한학의이해,3,이용광,"수13,14,15,16,17,18(사범208)"
,교양,불교문화론,3,박경식,"화9,10,11,12,13,14(인문101)"
,교양,브랜드와디자인이야기,2,송민정,"수11,12,13,14(상경201)"
,교양,빅데이터분석,3,김용태,"목10,11,12,13,14,15(상경202)"
,교양,사고와표현(문과대학),3,윤승준,"수2,3,4/금2,3,4(인문101)"
,교양,사고와표현(문과대학),3,김주언,"수2,3,4/금2,3,4(상경418)"
,교양,사고와표현(문과대학),3,박정규,"수2,3,4/금2,3,4(사범312)"
,교양,사고와표현(문과대학),3,김유미,"수2,3,4/금2,3,4(인문409)"
,교양,사고와표현(문과대학),3,김정녀,"수2,3,4/금2,3,4(사범307)"
,교양,사고와표현(법과대학),3,이태숙,"수2,3,4/금2,3,4(사범402)"
,교양,사고와표현(법과대학),3,임수경,"수2,3,4/금2,3,4(상경309)"
,교양,사고와표현(법과대학),3,유용태,"수2,3,4/금2,3,4(인문208)"
,교양,사고와표현(사회과학대학),3,송재용,"수5,6,7/금5,6,7(사범312)"
,교양,사고와표현(사회과학대학),3,김주언,"수5,6,7/금5,6,7(사범402)"
,교양,사고와표현(사회과학대학),3,박상진,"수5,6,7/금5,6,7(상경309)"
,교양,사고와표현(사회과학대학),3,박정규,"수5,6,7/금5,6,7(인문409)"
,교양,사고와표현(사회과학대학),3,김정녀,"수5,6,7/금5,6,7(사범307)"
,교양,사고와표현(사회과학대학),3,김유미,"수5,6,7/금5,6,7(인문208)"
,교양,사고와표현(사회과학대학),3,이태숙,"수5,6,7/금5,6,7(상경201)"
,교양,사고와표현(사회과학대학),3,맹영일,"수5,6,7/금5,6,7(사범501)"
,교양,사고와표현(상경대학),3,유용태,"화5,6,7/목5,6,7(인문208)"
,교양,사고와표현(상경대학),3,이태숙,"화5,6,7/목5,6,7(상경418)"
,교양,사고와표현(상경대학),3,임수경,"화5,6,7/목5,6,7(사범312)"
,교양,사고와표현(상경대학),3,허재영,"화5,6,7/목5,6,7(사범402)"
,교양,사고와표현(상경대학),3,맹영일,"화5,6,7/목5,6,7(상경309)"
,교양,사고와표현(상경대학),3,박상진,"화8,9,10/목8,9,10(인문421)"
,교양,사고와표현(상경대학),3,김유미,"화8,9,10/목8,9,10(상경418)"
,교양,사고와표현(상경대학),3,김정녀,"화8,9,10/목8,9,10(사범312)"
,교양,사고와표현(상경대학),3,박정규,"화8,9,10/목8,9,10(사범402)"
,교양,사고와표현(상경대학),3,임선숙,"화8,9,10/목8,9,10(상경309)"
,교양,사고와표현(마이스터경영(야간)),3,박정규,"수20,21,22(인문320)"
,교양,사고와표현(음악대학),3,김유미,"화5,6,7/목5,6,7(인문409)"
,교양,사고와표현(음악대학),3,김정녀,"화5,6,7/목5,6,7(사범307)"
,교양,사고와표현(음악대학),3,박정규,"화5,6,7/목5,6,7(인문421)"
,교양,사고와표현(외국인유학생전용),3,허재영,"화8,9,10/목8,9,10(인문409)"
,교양,사고와표현(외국인유학생전용),3,맹영일,"화8,9,10/목8,9,10(3공318)"
,교양,사업개발과전략경영,2,양준환,"수9,10,11,12(사범208)"
,교양,사이버보안,2,김기원,"금1,2,3,4(사범501)"
,교양,사회봉사온라인특강1,0,,
,교양,사회봉사온라인특강2,0,,
,교양,사회봉사온라인특강3,0,,
,교양,사회심리학의이해,2,오은주,"목15,16,17,18(인문320)"
,교양,사회이슈와현대정치론,3,변상호,"목7,8,9,10,11,12(사범201)"
,교양,사회적기업창업실무,2,김형수,"금9,10,11,12(사범312)"
,교양,산업체현장실습,1,,
,교양,상업정보교과교재연구및지도법,3,권주형,"화19,20,21(상경322)"
,교양,생명과학의세계,3,곽상준,"월13,14,15,16,17,18(상경103)"
,교양,생명의전쟁,3,박웅준,"월13,14,15,16,17,18(국제307)"
,교양,생명의학과공학기술의만남,3,박일용,"금2,3,4,5,6,7(국제102_계단)"
,교양,생체분자세포그리고생명(인문계 전용),3,장영주,"목1,2,3,4,5,6(3공318)"
,교양,생체분자세포그리고생명(이공계 전용),3,장영주,"목13,14,15,16,17,18(3공318)"
,교양,생활물리,2,현준원,"월5,6,7,8(사범310)"
,교양,생활속의전기,3,한경호,"목1,2,3,4,5,6(자연102(촬영))"
,교양,생활지도및상담(비사계 교직),2,정삼희,"월19,20(사범401)"
,교양,서양미술사의이해,3,임두빈,"금15,16,17,18,19(사범205)"
,교양,서양사의이해,3,김상엽,"월2,3,4,5,6,7(상경309)"
,교양,서양음악통론과비평(음대생 수강제한),3,변정은,"화3,4,5,6,7,8(사범310)"
,교양,서양의사상,3,유성근,"금5,6,7,8,9,10(인문209)"
,교양,성공취업을위한인문학역량강화,2,전은실,"화1,2,3,4(사범207)"
,교양,성공취업을위한인문학역량강화,2,전은실,"화5,6,7,8(사범207)"
,교양,"성공취업을위한핵심직무역량강화(1,2학년 수강제한)",2,전은실,"화9,10,11,12(인문211)"
,교양,"성공취업을위한핵심직무역량강화(1,2학년 수강제한)",2,전은실,"화13,14,15,16(인문211)"
,교양,성공하는대학생들의7가지습관,2,김재일,"화11,12,13,14(사회304)"
,교양,성공하는대학생들의7가지습관,2,김재일,"화15,16,17,18(사회304)"
,교양,성공하는대학생들의7가지습관(외국인 유학생 전용),2,김재일,"수3,4,5,6(사회307)"
,교양,성차와성차별,3,이영애,"월1,2,3,4,5,6(서관B102)"
,교양,세계대문호와의만남,3,안숙현,"금6,7,8,9,10,11(3공518)"
,교양,세계문명의교류와충돌,3,박성진,"목1,2,3,4,5,6(인문101)"
,교양,세계속의중국문화,3,김홍겸,"금1,2,3,4,5,6(사범311)"
,교양,세계의신화와전설,3,김정녀,"목13,14,15,16,17,18(사범311)"
,교양,세계의역사와문화,2,김현수,"화3,4,5,6(국제102_계단)"
,교양,쉽게부르고싶은외국가곡,2,김난희,"수3,4,5,6(서관B102)"
,교양,스페인어중급,3,끌라우디아브리에뇨,"목13,14,15,16,17,18(인문419)"
,교양,스페인어초급,3,유영식,"월1,2,3,4,5,6(인문419)"
,교양,스페인어초급,3,유영식,"목1,2,3,4,5,6(인문419)"
,교양,스포츠인문학,2,조홍식,"월11,12,13,14(체육B102)"
,교양,시각예술로보는인간과세상,3,이화식,"목13,14,15,16,17,18(인문106)"
,교양,시사영어읽기,2,김경란,"월15,16,17,18(상경507)"
,교양,시장경제강좌,3,김상겸,"수9,10,11,12,13,14(사범207)"
,교양,식물의세계,3,차현철,"목13,14,15,16,17,18(국제102_계단)"
,교양,식생활과가공식품,3,정윤화,"월15,16,17,18,19(서관B103)"
,교양,신경과학의세계(사이버),3,안승철,"금19,20,21(사범207)"
,교양,신문속사회읽기,3,김승동,"목13,14,15,16,17,18(사범201)"
,교양,아랍어초급,3,안희연,"목1,2,3,4,5,6(인문106)"
,교양,아카데믹영작고급(원어),2,데이비드 칼리노스키,"금5,6,7,8(국제307)"
,교양,아카데믹영작고급(원어),2,데이비드 칼리노스키,"금11,12,13,14(국제307)"
,교양,아카데믹영작문,2,김경란,"화11,12,13,14(상경401)"
,교양,안전관리와응급처치의실제,3,김지태,"목13,14,15,16,17,18(상경103)"
,교양,언어와인간(사이버),3,김현주,"목19,20,21(사범207)"
,교양,여성의이해(사이버),3,전혜성,"화19,20,21(인문211)"
,교양,역사교과교재연구및지도법,3,구경남,"수4,5,6,7,8,9(인문509)"
,교양,역사속의도시기행,2,이재령,"월3,4,5,6(사범208)"
,교양,연극교육교재교구개발및활용,3,신양섭,"월9,10,11,12,13,14(체육B205)"
,교양,연극미학,3,김윤태,"목11,12,13,14,15,16(인문211)"
,교양,연극영화교과교재연구및지도법,3,신양섭,"월9,10,11,12,13,14(체육B205)"
,교양,영미고전의이해,2,김언조,"목15,16,17,18(상경309)"
,교양,영어교과교재연구및지도법(원어),3,김현주,"월13,14,15/수15,16,17(인문501)"
,교양,영어발음클리닉(원어),2,찰스코퍼랜드,"금5,6,7,8(인문421)"
,교양,영어발음클리닉(원어),2,매튜웨스트,"화11,12,13,14(인문421)"
,교양,영어인터뷰(원어),2,데릭벨,"목15,16,17,18(상경507)"
,교양,영화감상및비평,3,이정하,"화10,11,12/수5,6,7(미디어110)"
,교양,영화교육교재교구개발및활용,3,신양섭,"월9,10,11,12,13,14(체육B205)"
,교양,영화속과학탐구,2,맹희주,"금5,6,7,8(사범207)"
,교양,영화와뉴테크놀리지의이해(사이버),3,강지영,"목9,10,11,12,13,14(사범501)"
,교양,예술과기호의세계,3,김지원,"목7,8,9,10,11,12(사범311)"
,교양,예술작품과화의,2,김연주,"월11,12,13,14(상경418)"
,교양,오페라의이해와감상,3,정상희,"목2,3,4,5,6,7(국제101_계단)"
,교양,외국문화와한국문화의비교,3,이황진,"금1,2,3,4,5,6(사범309)"
,교양,용인학,2,윤승준,"목15,16,17,18(인문208)"
,교양,우리전통문화의이해,3,송재용,"월11,12,13,14,15,16(인문101)"
,교양,운동과건강,2,전용균,"수1,2,3,4(체육B101)"
,교양,움직임을통한내몸활용,2,안근옥,"화11,12,13,14(3공318)"
,교양,원격교육론,3,백은숙,"목13,14,15,16,17,18(사범313)"
,교양,유목문화와디지털유목민,3,류병재,"금1,2,3,4,5,6(인문419)"
,교양,융합기술과현대생활,3,나경환,"월13,14,15,16,17,18(인문419)"
,교양,음악감상및비평,2,김윤정,"월1,2,3,4(음악105)"
,교양,음악교과교재연구및지도법,3,허화병,"금1,2,3,4,5,6(음악104)"
,교양,음악으로떠나는여행,2,신윤원,"목15,16,17,18(사범312)"
,교양,의료행위와법,3,이석배,"수13,14,15,16,17,18(사범309)"
,교양,의학사속의대발견,3,이익수,"월1,2,3,4,5,6(사범309)"
,교양,이슬람문화론,3,황의갑,"월9,10,11,12,13,14(사범311)"
,교양,이해와논증의실제2,2,이동희,"화19,20(인문421)"
,교양,인간예술의과학적접근(사이버),3,이익수,"화11,12,13,14,15,16(사범205)"
,교양,인간의욕구와교육,3,엄상현,"목13,14,15,16,17,18(사범309)"
,교양,인류의기원과진화,3,박성진,"금1,2,3,4,5,6(3공318)"
,교양,인문사회교과논리및논술(비사계 교직),2,이화식,"수11,12,13,14(사범505)"
,교양,인적자원개발론,3,방재임,"수13,14,15,16,17,18(사범401)"
,교양,인터넷영어(원어),2,스튜어트존스,"화11,12,13,14(인문201)"
,교양,인터랙티브콘텐츠기획,2,이영수,"화3,4,5,6(인문419)"
,교양,일반사회교과교재연구및지도법,3,임종헌,"화1,2,3,4,5,6(대학원동217)"
,교양,일본과일본문화의이해(사이버),3,박경연,"화19,20,21(사범206)"
,교양,일본문화콘텐츠의이해,2,김난주,"목11,12,13,14(사범207)"
,교양,일본어교과교재연구및지도법,3,한원형,"목1,2,3,4,5,6(인문408)"
,교양,일본어회화(중급),3,박경연,"수17,18,19,20(상경418)"
,교양,일본어회화(중급),3,박경연,"목7,8,9,10,11,12(사범309)"
,교양,일본어회화(초급),3,김난주,"목1,2,3,4,5,6(사범310)"
,교양,일본어회화(초급),3,박경연,"월13,14,15,16,17,18(사범309)"
,교양,일본어회화(초급),3,박경연,"수7,8,9,10,11,12(사범309)"
,교양,일본어회화(초급),3,박경연,"목17,18,19,20(상경201)"
,교양,자연공학교과논리및논술(비사계 교직),2,이화식,"수15,16,17,18(사범505)"
,교양,자유론,3,황필홍,"목1,2,3,4,5,6(상경103)"
,교양,저작권활용과창업(사이버),2,손승우,"금19,20(국제101_계단)"
,교양,전기ㆍ전자ㆍ통신교과교재연구및지도법,3,윤중오,"화19,20,21(3공108)"
,교양,전략적스타트업비즈니스모델,2,남정민,"수9,10,11,12(사범402)"
,교양,전쟁과한국현대사,3,김용빈,"수13,14,15,16,17,18(국제102_계단)"
,교양,정보ㆍ컴퓨터교과교재연구및지도법,3,김진희,"금19,20,21(자연516)"
,교양,정보산업의이해,3,유해영,"월1,2,3,4,5,6(상경103)"
,교양,정의론,3,황필홍,"금1,2,3,4,5,6(상경103)"
,교양,중국경제의이해,3,윤준모,"수9,10,11,12,13,14(인문409)"
,교양,중국어교과교재연구및지도법,3,배은한,"수1,2,3/금1,2,3(인문401)"
,교양,중국어회화(중급),3,정현애,"월8,9,10/목8,9,10(인문106)"
,교양,중국어회화(중급),3,정현애,"목16,17,18/금16,17,18(상경418)"
,교양,중국어회화(초급),3,정하영,"월13,14,15/수13,14,15(사범402)"
,교양,중국어회화(초급),3,정하영,"월2,3,4/수2,3,4(인문421)"
,교양,중국어회화(초급),3,정현애,"화13,14,15/금13,14,15(사범312)"
,교양,중국어회화(초급),3,정현애,"화2,3,4/금2,3,4(인문320)"
,교양,중국의풍속과가치관,2,정지인,"월9,10,11,12(상경103)"
,교양,중남미사회,3,유영식,"월11,12,13,14,15,16(인문106)"
,교양,중남미정치발전사,3,유영식,"수11,12,13,14,15,16(사범201)"
,교양,중동국가의이해,3,남옥정,"수1,2,3,4,5,6(사범309)"
,교양,증권투자와시장의이해,3,임석필,"월1,2,3,4,5,6(사범402)"
,교양,지식경제와지식경영(사이버),3,최재화,"월19,20,21(사범207)"
,교양,지식재산융합전략,2,김병남,"화1,2,3,4(사범104)"
,교양,진로설계와자기계발(건축대학)(온/오프),2,오은주,"목1,2,3,4(인문409)"
,교양,진로설계와자기계발(건축대학)(온/오프),2,서응교,"목1,2,3,4(사범307)"
,교양,진로설계와자기계발(건축대학)(온/오프),2,신진,"목1,2,3,4(사범501)"
,교양,진로설계와자기계발(국제학부)(온/오프),2,정효정,"화5,6,7,8(국제307)"
,교양,진로설계와자기계발(국제학부)(온/오프),2,오은주,"화5,6,7,8(3공518)"
,교양,"진로설계와자기계발(전자전기,소프트,응컴)(온/오프)",2,정삼희,"월5,6,7,8(사범307)"
,교양,"진로설계와자기계발(전자전기,소프트,응컴)(온/오프)",2,전은화,"월5,6,7,8(인문208)"
,교양,"진로설계와자기계발(전자전기,소프트,응컴)(온/오프)",2,오은주,"월5,6,7,8(사범311)"
,교양,"진로설계와자기계발(전자전기,소프트,응컴)(온/오프)",2,정효정,"월5,6,7,8(사범501)"
,교양,"진로설계와자기계발(전자전기,소프트,응컴)(온/오프)",2,김성수,"월5,6,7,8(상경201)"
,교양,"진로설계와자기계발(전자전기,소프트,응컴)(온/오프)",2,이장범,"월5,6,7,8(인문409)"
,교양,"진로설계와자기계발(전자전기,소프트,응컴)(온/오프)",2,나미현,"월5,6,7,8(사범312)"
,교양,"진로설계와자기계발(전자전기,소프트,응컴)(온/오프)",2,신진,"월5,6,7,8(인문302)"
,교양,"진로설계와자기계발(고분자,파이버,화학공)(온/오프)",2,신진,"월11,12,13,14(사범307)"
,교양,"진로설계와자기계발(고분자,파이버,화학공)(온/오프)",2,전은화,"월11,12,13,14(인문208)"
,교양,"진로설계와자기계발(고분자,파이버,화학공)(온/오프)",2,오은주,"월11,12,13,14(인문409)"
,교양,"진로설계와자기계발(고분자,파이버,화학공)(온/오프)",2,전혜경,"월11,12,13,14(상경201)"
,교양,"진로설계와자기계발(고분자,파이버,화학공)(온/오프)",2,정삼희,"월11,12,13,14(사범501)"
,교양,"진로설계와자기계발(토목,기계)(온/오프)",2,전혜경,"화11,12,13,14(사범307)"
,교양,"진로설계와자기계발(토목,기계)(온/오프)",2,전은화,"화11,12,13,14(인문208)"
,교양,"진로설계와자기계발(토목,기계)(온/오프)",2,신진,"화11,12,13,14(사범311)"
,교양,"진로설계와자기계발(토목,기계)(온/오프)",2,나미현,"화11,12,13,14(상경201)"
,교양,진로설계와자기계발(사범대학)(온/오프),2,나미현,"화1,2,3,4(인문409)"
,교양,진로설계와자기계발(사범대학)(온/오프),2,전은화,"화1,2,3,4(사범307)"
,교양,진로설계와자기계발(사범대학)(온/오프),2,오은주,"화1,2,3,4(인문208)"
,교양,진로설계와자기계발(사범대학)(온/오프),2,신진,"화1,2,3,4(상경201)"
,교양,진로설계와자기계발(예술디자인대학)(온/오프),2,전은화,"월1,2,3,4(상경201)"
,교양,진로설계와자기계발(예술디자인대학)(온/오프),2,이장범,"월1,2,3,4(사범501)"
,교양,진로설계와자기계발(예술디자인대학)(온/오프),2,오은주,"월1,2,3,4(사범311)"
,교양,진로설계와자기계발(예술디자인대학)(온/오프),2,서응교,"월1,2,3,4(사범310)"
,교양,진로설계와자기계발(예술디자인대학)(온/오프),2,정삼희,"월1,2,3,4(인문208)"
,교양,진로설계와자기계발(예술디자인대학)(온/오프),2,김성수,"월1,2,3,4(사범307)"
,교양,진로설계와자기계발(외국인유학생전용)(온/오프),2,정효정,"목1,2,3,4(상경201)"
,교양,진로설계와자기계발(외국인유학생전용)(온/오프),2,정효정,"목11,12,13,14(사범310)"
,교양,창업과기업활동법(법학과 수강제한),2,현인섭,"월3,4,5,6(국제307)"
,교양,창업기업과마케팅,2,양준환,"화9,10,11,12(인문106)"
,교양,창업기업과마케팅,2,양준환,"월9,10,11,12(사범309)"
,교양,창의적리더를위한역량개발,2,전은화,"목15,16,17,18(인문421)"
,교양,창의적리더를위한역량개발,2,정효정,"목15,16,17,18(사범402)"
,교양,창의적사고와코딩(상경대학)(강의실),2,허재준,"수1,2,3,4(사범104)"
,교양,창의적사고와코딩(상경대학)(강의실),2,최형섭,"수1,2,3,4(자연207)"
,교양,창의적사고와코딩(상경대학)(강의실),2,허재준,"수5,6,7,8(사범104)"
,교양,창의적사고와코딩(상경대학)(강의실),2,최형섭,"수5,6,7,8(자연207)"
,교양,창의적사고와코딩(상경대학)(강의실),2,최형섭,"수11,12,13,14(사범104)"
,교양,창의적사고와코딩(상경대학)(강의실),2,김병철,"수11,12,13,14(자연207)"
,교양,창의적사고와코딩(상경대학)(강의실),2,양재춘,"금1,2,3,4(사범104)"
,교양,창의적사고와코딩(상경대학)(강의실),2,장영범,"금1,2,3,4(자연207)"
,교양,창의적사고와코딩(상경대학)(강의실),2,양재춘,"금5,6,7,8(사범104)"
,교양,창의적사고와코딩(상경대학)(강의실),2,장영범,"금5,6,7,8(자연207)"
,교양,창의적사고와코딩(상경대학)(강의실),2,허재준,"금11,12,13,14(사범104)"
,교양,창의적사고와코딩(상경대학)(강의실),2,장영범,"금11,12,13,14(자연207)"
,교양,창의적사고와코딩(마이스터경영(야간))(강의실),2,김병철,"화20,21(자연207)"
,교양,창의적사고와코딩(커뮤니케이션디자인과)(강의실),2,서응교,"월5,6,7,8(사범104)"
,교양,창의적사고와코딩(커뮤니케이션디자인과)(강의실),2,우수영,"월5,6,7,8(자연207)"
,교양,창의적사고와코딩(무용과)(강의실),2,우수영,"월11,12,13,14(사범104)"
,교양,창의적사고와코딩(패션산업디자인과)(강의실),2,서응교,"월11,12,13,14(자연207)"
,교양,창의적사고와코딩(공연영화학부)(강의실),2,이상화,"목5,6,7,8(사범104)"
,교양,창의적사고와코딩(공연영화학부)(강의실),2,장영범,"목5,6,7,8(자연207)"
,교양,창의적사고와코딩(도예과)(강의실),2,장영범,"목11,12,13,14(자연207)"
,교양,"창의적사고와코딩(사범대학(한문,특수,체육))(강의실)",2,양필규,"화5,6,7,8(사범104)"
,교양,"창의적사고와코딩(사범대학(한문,특수,체육))(강의실)",2,우수영,"화5,6,7,8(자연207)"
,교양,"창의적사고와코딩(사범대학(한문,특수,체육))(강의실)",2,양필규,"화11,12,13,14(자연207)"
,교양,창의적사고와코딩(국제경영학전공)(강의실),2,이상화,"목11,12,13,14(사범104)"
,교양,창의적사고와코딩(외국인유학생전용)(강의실),2,우수영,"화11,12,13,14(사범104)"
,교양,청소년교육론,3,김정혜,"금1,2,3,4,5,6(사범401)"
,교양,체육교과논리및논술,2,권민혁,"수1,2,3,4(체육B103)"
,교양,춤과전통문화,2,정수진,"월11,12,13,14(무용B104)"
,교양,"취업전략과사회진출(1,2학년 수강제한)",2,전은실,"목11,12,13,14(인문209)"
,교양,"취업전략과사회진출(1,2학년 수강제한)",2,전은실,"목15,16,17,18(인문209)"
,교양,"취업전략과사회진출(1,2학년 수강제한)",2,전은실,"수11,12,13,14(인문209)"
,교양,"취업전략과사회진출(1,2학년 수강제한)",2,전은실,"수15,16,17,18(인문209)"
,교양,취업직무적성검사이해,2,고희정,"수11,12,13,14(사범206)"
,교양,취업직무적성검사이해,2,김미나,"화11,12,13,14(사범208)"
,교양,커뮤니케이션기법(화상),2,심영섭,"목11,12,13,14(사회215(화상))"
,교양,콘텐츠디자인코어,2,변민주,"수5,6,7,8(상경103)"
,교양,클래식음악의이해(음대생 수강제한),3,최윤아,"화3,4,5,6,7,8(서관B102)"
,교양,텍스트로읽는동아시아갈등,3,구경남,"화7,8,9,10,11,12(서관B103)"
,교양,토익라이팅(원어),2,스튜어트존스,"목1,2,3,4(상경507)"
,교양,토익라이팅(원어),2,찰스코퍼랜드,"금1,2,3,4(인문421)"
,교양,토익리딩2,2,조혜선,"금5,6,7,8(상경418)"
,교양,토익리스닝2,2,조혜선,"화11,12,13,14(사범201)"
,교양,토익스피킹(원어),2,찰스코퍼랜드,"월1,2,3,4(인문101)"
,교양,토익스피킹(원어),2,찰스코퍼랜드,"화1,2,3,4(인문101)"
,교양,특수교육학개론(비사계 교직),2,김혜진,"화5,6,7,8(사범403)"
,교양,특수교육학개론(사범대학 전용),2,박원희,"월1,2,3,4(사범313)"
,교양,특수교육학개론(사범대학 전용),2,김혜진,"화9,10,11,12(사범313)"
,교양,평생교육경영론,3,이미진,"월13,14,15,16,17,18(사범401)"
,교양,평생교육론(사이버),3,한상길,"수19,20,21(사범313)"
,교양,평생교육방법론,3,조윤진,"목19,20,21(사범401)"
,교양,평생교육실습,3,한상길,"월19,20,21(사범307)"
,교양,평생교육프로그램개발론,3,김정민,"화3,4,5,6,7,8(사범309)"
,교양,포르투갈어초급,3,박원복,"월11,12,13,14,15,16(사범201)"
,교양,프랑스어초급,3,김현주,"월13,14,15,16,17,18(상경417)"
,교양,피아노반주입문,2,주성희,"목5,6,7,8(서관B102)"
,교양,한국과세계소통의역사(건축대학),2,엄기표,"금11,12,13,14(인문209)"
,교양,"한국과세계소통의역사(건축대학,전자전기,소프트,응컴)(사이버)",2,이정주,"금19,20(인문211)"
,교양,"한국과세계소통의역사(전자전기,소프트,응컴)",2,이정주,"금11,12,13,14(사범309)"
,교양,"한국과세계소통의역사(전자전기,소프트,응컴)",2,박성순,"금11,12,13,14(상경103)"
,교양,"한국과세계소통의역사(전자전기,소프트,응컴)",2,양지선,"금11,12,13,14(인문419)"
,교양,"한국과세계소통의역사(전자전기,소프트,응컴)",2,김철웅,"금11,12,13,14(인문106)"
,교양,한국과세계소통의역사(법과대학),2,이정주,"수15,16,17,18(인문419)"
,교양,"한국과세계소통의역사(법과대학,문과대학)(사이버)",2,엄기표,"수19,20(인문211)"
,교양,한국과세계소통의역사(문과대학),2,박성순,"수15,16,17,18(사범311)"
,교양,한국과세계소통의역사(문과대학),2,이재령,"수15,16,17,18(사범310)"
,교양,한국과세계소통의역사(문과대학),2,김철웅,"수15,16,17,18(상경103)"
,교양,한국과세계소통의역사(사회과학대학),2,이정주,"수11,12,13,14(사범311)"
,교양,한국과세계소통의역사(사회과학대학),2,박성순,"수11,12,13,14(사범310)"
,교양,한국과세계소통의역사(사회과학대학),2,이재령,"수11,12,13,14(인문106)"
,교양,한국과세계소통의역사(사회과학대학),2,김철웅,"수11,12,13,14(인문419)"
,교양,한국과세계소통의역사(사회과학대학),2,구경남,"수11,12,13,14(상경103)"
,교양,"한국과세계소통의역사(사회과학대학,음악대학)(사이버)",2,이정주,"목19,20(인문211)"
,교양,한국과세계소통의역사(음악대학),2,구경남,"금11,12,13,14(사범201)"
,교양,한국과세계소통의역사(외국인유학생전용),2,양지선,"금5,6,7,8(인문106)"
,교양,한국근현대사의이해,3,구경남,"월13,14,15,16,17,18(상경309)"
,교양,한국근현대전환기의쟁점,3,김학준,"목11,12,13,14,15,16(사회B108)"
,교양,한국문화와소통2(외국인 유학생 전용),2,유소영,
,교양,한국문화와소통4(외국인 유학생 전용),2,유소영,
,교양,한국문화의미,3,김지원,"화13,14,15,16,17,18(사범310)"
,교양,한국미술사의이해,3,임두빈,"월15,16,17,18,19(사범205)"
,교양,한국어와한국문학(외국인 유학생 전용),3,유소영,"화19,20,21(국제307)"
,교양,한국영화산업의이해,2,박경필,"월17,18,19(인문106)"
,교양,한국의외교와전쟁사(사학과 수강제한),3,김철웅,"화9,10,11,12,13,14(인문209)"
,교양,한국지성사의이해,2,김철웅,"목5,6,7,8(사범207)"
,교양,한국현대시의이해,3,임수경,"목13,14,15,16,17,18(사범307)"
,교양,한민족한문화의이해,2,오대양,"목1,2,3,4(상경401)"
,교양,한시의이해,3,윤재환,"수3,4,5,6,7,8(사범310)"
,교양,한의학과건강생활,2,최승훈,"월13,14,15,16(사범208)"
,교양,한자와중국문화(사이버),2,배은한,"목20,21(사범205)"
,교양,합창의입문,3,손미선,"수11,12,13,14,15,16(서관B102)"
,교양,해부학과문화(사이버),3,김명주,"월19,20,21(인문211)"
,교양,해설이있는발레,2,박성혜,"수5,6,7,8(사범311)"
,교양,행복이란무엇인가,3,황필홍,"목15,16,17,18,19(사범501)"
,교양,현대사회와법,3,이동희,"목10,11,12,13,14,15(사범208)"
,교양,현대사회와복지,3,정연수,"수13,14,15,16,17,18(사범312)"
,교양,현대사회와정보보호(사이버),3,김태환,"화19,20,21(사범205)"
,교양,현대사회와정의,2,이동희,"월4,5,6,7(사범207)"
,교양,현대음악의이해,3,강은수,"금12,13,14,15,16,17(사범402)"
,교양,현대인의생활법률,2,김용호,"월1,2,3,4(인문106)"
,교양,현대중국의구조,3,이재령,"수3,4,5,6,7,8(인문419)"
,교양,현대중국철학의이해,2,김주창,"목1,2,3,4(상경418)"
,교양,현대한국정치의이해(OCU교류),3,,"토22,23,24"
,교양,협주곡의이해,2,신윤원,"화5,6,7,8(상경103)"
,교양,형법의이해(법학과 수강제한),3,최호진,"화10,11,12,13,14,15(상경103)"
,교양,호흡의순환과인성,2,김난희,"월13,14,15,16(서관B102)"
,교양,화공ㆍ섬유교과교재연구및지도법,3,윤중오,"화19,20,21(3공108)"
,교양,힌두교와인도문화(OCU교류),3,,"토19,20,21"
